1400,08/02/22,16:43:53,20.0,1064.0,2.3,46
2340,08/02/22,16:43:54,1.4,1010.0,0.0,21
5430,08/02/22,16:43:55,1.4,1035.0,0.0,98
11716,08/02/22,16:43:56,-0.1,1040.0,0.0,68
1400,08/02/22,16:43:57,20.0,1064.0,2.3,46
2340,08/02/22,16:43:58,1.4,1010.0,0.0,21
5430,08/02/22,16:43:59,1.4,1035.0,0.0,98
11716,08/02/22,16:44:0,-0.1,1040.0,0.0,68
1400,08/02/22,16:44:1,20.0,1064.0,2.3,46
2340,08/02/22,16:44:2,1.4,1010.0,0.0,21
5430,08/02/22,16:44:3,1.4,1034.9,0.0,98
11716,08/02/22,16:44:4,-0.1,1040.0,0.0,68
1400,08/02/22,16:44:5,20.0,1063.9,2.3,47
2340,08/02/22,16:44:6,1.4,1009.9,0.0,22
5430,08/02/22,16:44:7,1.4,1034.9,0.0,98
11716,08/02/22,16:44:8,-0.1,1040.0,0.0,68
1400,08/02/22,16:44:9,20.0,1063.9,2.3,47
2340,08/02/22,16:44:10,1.4,1009.9,0.0,22
5430,08/02/22,16:44:11,1.4,1034.9,0.0,98
11716,08/02/22,16:44:12,-0.1,1040.0,0.0,68
1400,08/02/22,16:44:13,20.0,1063.8,2.3,48
2340,08/02/22,16:44:14,1.4,1009.8,0.0,23
5430,08/02/22,16:44:15,1.4,1034.8,0.0,98
11716,08/02/22,16:44:16,-0.1,1039.9,0.0,68
1400,08/02/22,16:44:17,20.0,1063.8,2.3,48
2340,08/02/22,16:44:18,1.4,1009.8,0.0,23
5430,08/02/22,16:44:19,1.4,1034.8,0.0,98
11716,08/02/22,16:44:20,-0.1,1039.9,0.0,68
1400,08/02/22,16:44:21,20.0,1063.8,2.3,48
2340,08/02/22,16:44:22,1.4,1009.8,0.0,23
5430,08/02/22,16:44:23,1.4,1034.7,0.0,98
11716,08/02/22,16:44:24,-0.1,1039.9,0.0,68
1400,08/02/22,16:44:25,20.0,1063.7,2.3,49
2340,08/02/22,16:44:26,1.4,1009.7,0.0,24
5430,08/02/22,16:44:27,1.4,1034.7,0.0,98
11716,08/02/22,16:44:28,-0.1,1039.9,0.0,68
1400,08/02/22,16:44:29,20.0,1063.7,2.3,49
2340,08/02/22,16:44:30,1.4,1009.7,0.0,24
5430,08/02/22,16:44:31,1.4,1034.7,0.0,98
11716,08/02/22,16:44:32,-0.1,1039.9,0.0,68
1400,08/02/22,16:44:33,20.0,1063.6,2.3,50
2340,08/02/22,16:44:34,1.4,1009.6,0.0,25
5430,08/02/22,16:44:35,1.4,1034.6,0.0,98
11716,08/02/22,16:44:36,-0.1,1039.8,0.0,68
1400,08/02/22,16:44:37,20.0,1063.6,2.3,50
2340,08/02/22,16:44:38,1.4,1009.6,0.0,25
5430,08/02/22,16:44:39,1.4,1034.6,0.0,98
11716,08/02/22,16:44:40,-0.1,1039.8,0.0,68
1400,08/02/22,16:44:41,20.0,1063.6,2.3,50
2340,08/02/22,16:44:42,1.4,1009.6,0.0,25
5430,08/02/22,16:44:43,1.4,1034.5,0.0,97
11716,08/02/22,16:44:44,-0.1,1039.8,0.0,68
1400,08/02/22,16:44:45,20.0,1063.5,2.3,51
2340,08/02/22,16:44:46,1.4,1009.5,0.0,26
5430,08/02/22,16:44:47,1.4,1034.5,0.0,97
11716,08/02/22,16:44:48,-0.1,1039.8,0.0,68
1400,08/02/22,16:44:49,20.0,1063.5,2.3,51
2340,08/02/22,16:44:50,1.4,1009.5,0.0,26
5430,08/02/22,16:44:51,1.4,1034.5,0.0,97
11716,08/02/22,16:44:52,-0.1,1039.8,0.0,68
1400,08/02/22,16:44:53,20.0,1063.4,2.3,52
2340,08/02/22,16:44:54,1.4,1009.4,0.0,27
5430,08/02/22,16:44:55,1.4,1034.4,0.0,97
11716,08/02/22,16:44:56,-0.1,1039.7,0.0,68
1400,08/02/22,16:44:57,20.0,1063.4,2.3,52
2340,08/02/22,16:44:58,1.4,1009.4,0.0,27
5430,08/02/22,16:44:59,1.4,1034.4,0.0,97
11716,08/02/22,16:45:0,-0.1,1039.7,0.0,68
1400,08/02/22,16:45:1,20.0,1063.4,2.3,52
2340,08/02/22,16:45:2,1.4,1009.4,0.0,27
5430,08/02/22,16:45:3,1.4,1034.3,0.0,97
11716,08/02/22,16:45:4,-0.1,1039.7,0.0,67
1400,08/02/22,16:45:5,20.0,1063.3,2.3,53
2340,08/02/22,16:45:6,1.4,1009.3,0.0,28
5430,08/02/22,16:45:7,1.4,1034.3,0.0,97
11716,08/02/22,16:45:8,-0.1,1039.7,0.0,67
1400,08/02/22,16:45:9,20.0,1063.3,2.3,53
2340,08/02/22,16:45:10,1.4,1009.3,0.0,28
5430,08/02/22,16:45:11,1.4,1034.3,0.0,97
11716,08/02/22,16:45:12,-0.1,1039.7,0.0,67
1400,08/02/22,16:45:13,20.0,1063.2,2.3,54
2340,08/02/22,16:45:14,1.4,1009.2,0.0,29
5430,08/02/22,16:45:15,1.4,1034.2,0.0,97
11716,08/02/22,16:45:16,-0.1,1039.6,0.0,67
1400,08/02/22,16:45:17,20.0,1063.2,2.3,54
2340,08/02/22,16:45:18,1.4,1009.2,0.0,29
5430,08/02/22,16:45:19,1.4,1034.2,0.0,97
11716,08/02/22,16:45:20,-0.1,1039.6,0.0,67
1400,08/02/22,16:45:21,20.0,1063.2,2.3,54
2340,08/02/22,16:45:22,1.4,1009.2,0.0,29
5430,08/02/22,16:45:23,1.4,1034.1,0.0,97
11716,08/02/22,16:45:24,-0.1,1039.6,0.0,67
1400,08/02/22,16:45:25,20.0,1063.1,2.3,55
2340,08/02/22,16:45:26,1.4,1009.1,0.0,30
5430,08/02/22,16:45:27,1.4,1034.1,0.0,97
11716,08/02/22,16:45:28,-0.1,1039.6,0.0,67
1400,08/02/22,16:45:29,20.0,1063.1,2.3,55
2340,08/02/22,16:45:30,1.4,1009.1,0.0,30
5430,08/02/22,16:45:31,1.4,1034.1,0.0,97
11716,08/02/22,16:45:32,-0.1,1039.6,0.0,67
1400,08/02/22,16:45:33,20.1,1063.0,2.4,56
2340,08/02/22,16:45:34,1.5,1009.0,0.1,31
5430,08/02/22,16:45:35,1.5,1034.0,0.1,96
11716,08/02/22,16:45:36,-0.1,1039.5,0.1,67
1400,08/02/22,16:45:37,20.1,1063.0,2.4,56
2340,08/02/22,16:45:38,1.5,1009.0,0.1,31
5430,08/02/22,16:45:39,1.5,1034.0,0.1,96
11716,08/02/22,16:45:40,-0.1,1039.5,0.1,67
1400,08/02/22,16:45:41,20.1,1063.0,2.4,56
2340,08/02/22,16:45:42,1.5,1009.0,0.1,31
5430,08/02/22,16:45:43,1.5,1033.9,0.1,96
11716,08/02/22,16:45:44,-0.1,1039.5,0.1,67
1400,08/02/22,16:45:45,20.1,1062.9,2.4,57
2340,08/02/22,16:45:46,1.5,1008.9,0.1,32
5430,08/02/22,16:45:47,1.5,1033.9,0.1,96
11716,08/02/22,16:45:48,-0.1,1039.5,0.1,67
1400,08/02/22,16:45:49,20.1,1062.9,2.4,57
2340,08/02/22,16:45:50,1.5,1008.9,0.1,32
5430,08/02/22,16:45:51,1.5,1033.9,0.1,96
11716,08/02/22,16:45:52,-0.1,1039.5,0.1,67
1400,08/02/22,16:45:53,20.1,1062.8,2.4,58
2340,08/02/22,16:45:54,1.5,1008.8,0.1,33
5430,08/02/22,16:45:55,1.5,1033.8,0.1,96
11716,08/02/22,16:45:56,-0.1,1039.4,0.1,67
1400,08/02/22,16:45:57,20.1,1062.8,2.4,58
2340,08/02/22,16:45:58,1.5,1008.8,0.1,33
5430,08/02/22,16:45:59,1.5,1033.8,0.1,96
11716,08/02/22,16:46:0,-0.1,1039.4,0.1,67
1400,08/02/22,16:46:1,20.1,1062.8,2.4,58
2340,08/02/22,16:46:2,1.5,1008.8,0.1,33
5430,08/02/22,16:46:3,1.5,1033.7,0.1,96
11716,08/02/22,16:46:4,-0.1,1039.4,0.1,67
1400,08/02/22,16:46:5,20.1,1062.7,2.4,59
2340,08/02/22,16:46:6,1.5,1008.7,0.1,34
5430,08/02/22,16:46:7,1.5,1033.7,0.1,96
11716,08/02/22,16:46:8,-0.1,1039.4,0.1,67
1400,08/02/22,16:46:9,20.1,1062.7,2.4,59
2340,08/02/22,16:46:10,1.5,1008.7,0.1,34
5430,08/02/22,16:46:11,1.5,1033.7,0.1,96
11716,08/02/22,16:46:12,-0.1,1039.4,0.1,67
1400,08/02/22,16:46:13,20.1,1062.6,2.4,60
2340,08/02/22,16:46:14,1.5,1008.6,0.1,35
5430,08/02/22,16:46:15,1.5,1033.6,0.1,96
11716,08/02/22,16:46:16,-0.1,1039.3,0.1,66
1400,08/02/22,16:46:17,20.1,1062.6,2.4,60
2340,08/02/22,16:46:18,1.5,1008.6,0.1,35
5430,08/02/22,16:46:19,1.5,1033.6,0.1,96
11716,08/02/22,16:46:20,-0.1,1039.3,0.1,66
1400,08/02/22,16:46:21,20.1,1062.6,2.4,60
2340,08/02/22,16:46:22,1.5,1008.6,0.1,35
5430,08/02/22,16:46:23,1.5,1033.5,0.1,95
11716,08/02/22,16:46:24,-0.1,1039.3,0.1,66
1400,08/02/22,16:46:25,20.1,1062.5,2.4,61
2340,08/02/22,16:46:26,1.5,1008.5,0.1,36
5430,08/02/22,16:46:27,1.5,1033.5,0.1,95
11716,08/02/22,16:46:28,-0.1,1039.3,0.1,66
1400,08/02/22,16:46:29,20.1,1062.5,2.4,61
2340,08/02/22,16:46:30,1.5,1008.5,0.1,36
5430,08/02/22,16:46:31,1.5,1033.5,0.1,95
11716,08/02/22,16:46:32,-0.1,1039.3,0.1,66
1400,08/02/22,16:46:33,20.1,1062.4,2.4,62
2340,08/02/22,16:46:34,1.5,1008.4,0.1,37
5430,08/02/22,16:46:35,1.5,1033.4,0.1,95
11716,08/02/22,16:46:36,-0.1,1039.2,0.1,66
1400,08/02/22,16:46:37,20.1,1062.4,2.4,62
2340,08/02/22,16:46:38,1.5,1008.4,0.1,37
5430,08/02/22,16:46:39,1.5,1033.4,0.1,95
11716,08/02/22,16:46:40,-0.1,1039.2,0.1,66
1400,08/02/22,16:46:41,20.1,1062.4,2.4,62
2340,08/02/22,16:46:42,1.5,1008.4,0.1,37
5430,08/02/22,16:46:43,1.5,1033.3,0.1,95
11716,08/02/22,16:46:44,-0.1,1039.2,0.1,66
1400,08/02/22,16:46:45,20.1,1062.3,2.4,63
2340,08/02/22,16:46:46,1.5,1008.3,0.1,38
5430,08/02/22,16:46:47,1.5,1033.3,0.1,95
11716,08/02/22,16:46:48,-0.1,1039.2,0.1,66
1400,08/02/22,16:46:49,20.1,1062.3,2.4,63
2340,08/02/22,16:46:50,1.5,1008.3,0.1,38
5430,08/02/22,16:46:51,1.5,1033.3,0.1,95
11716,08/02/22,16:46:52,-0.1,1039.2,0.1,66
1400,08/02/22,16:46:53,20.1,1062.2,2.4,64
2340,08/02/22,16:46:54,1.5,1008.2,0.1,39
5430,08/02/22,16:46:55,1.5,1033.2,0.1,95
11716,08/02/22,16:46:56,-0.1,1039.1,0.1,66
1400,08/02/22,16:46:57,20.1,1062.2,2.4,64
2340,08/02/22,16:46:58,1.5,1008.2,0.1,39
5430,08/02/22,16:46:59,1.5,1033.2,0.1,95
11716,08/02/22,16:47:0,-0.1,1039.1,0.1,66
1400,08/02/22,16:47:1,20.1,1062.2,2.4,64
2340,08/02/22,16:47:2,1.5,1008.2,0.1,39
5430,08/02/22,16:47:3,1.5,1033.1,0.1,95
11716,08/02/22,16:47:4,-0.1,1039.1,0.1,66
1400,08/02/22,16:47:5,20.1,1062.1,2.4,65
2340,08/02/22,16:47:6,1.5,1008.1,0.1,40
5430,08/02/22,16:47:7,1.5,1033.1,0.1,95
11716,08/02/22,16:47:8,-0.1,1039.1,0.1,66
1400,08/02/22,16:47:9,20.1,1062.1,2.4,65
2340,08/02/22,16:47:10,1.5,1008.1,0.1,40
5430,08/02/22,16:47:11,1.5,1033.1,0.1,95
11716,08/02/22,16:47:12,-0.1,1039.1,0.1,66
1400,08/02/22,16:47:13,20.2,1062.0,2.5,66
2340,08/02/22,16:47:14,1.6,1008.0,0.2,41
5430,08/02/22,16:47:15,1.6,1033.0,0.2,94
11716,08/02/22,16:47:16,0.0,1039.0,0.2,66
1400,08/02/22,16:47:17,20.2,1062.0,2.5,66
2340,08/02/22,16:47:18,1.6,1008.0,0.2,41
5430,08/02/22,16:47:19,1.6,1033.0,0.2,94
11716,08/02/22,16:47:20,0.0,1039.0,0.2,66
1400,08/02/22,16:47:21,20.2,1062.0,2.5,66
2340,08/02/22,16:47:22,1.6,1008.0,0.2,41
5430,08/02/22,16:47:23,1.6,1032.9,0.2,94
11716,08/02/22,16:47:24,0.0,1039.0,0.2,65
1400,08/02/22,16:47:25,20.2,1061.9,2.5,67
2340,08/02/22,16:47:26,1.6,1007.9,0.2,42
5430,08/02/22,16:47:27,1.6,1032.9,0.2,94
11716,08/02/22,16:47:28,0.0,1039.0,0.2,65
1400,08/02/22,16:47:29,20.2,1061.9,2.5,67
2340,08/02/22,16:47:30,1.6,1007.9,0.2,42
5430,08/02/22,16:47:31,1.6,1032.9,0.2,94
11716,08/02/22,16:47:32,0.0,1039.0,0.2,65
1400,08/02/22,16:47:33,20.2,1061.8,2.5,68
2340,08/02/22,16:47:34,1.6,1007.8,0.2,43
5430,08/02/22,16:47:35,1.6,1032.8,0.2,94
11716,08/02/22,16:47:36,0.0,1038.9,0.2,65
1400,08/02/22,16:47:37,20.2,1061.8,2.5,68
2340,08/02/22,16:47:38,1.6,1007.8,0.2,43
5430,08/02/22,16:47:39,1.6,1032.8,0.2,94
11716,08/02/22,16:47:40,0.0,1038.9,0.2,65
1400,08/02/22,16:47:41,20.2,1061.8,2.5,68
2340,08/02/22,16:47:42,1.6,1007.8,0.2,43
5430,08/02/22,16:47:43,1.6,1032.7,0.2,94
11716,08/02/22,16:47:44,0.0,1038.9,0.2,65
1400,08/02/22,16:47:45,20.2,1061.7,2.5,69
2340,08/02/22,16:47:46,1.6,1007.7,0.2,44
5430,08/02/22,16:47:47,1.6,1032.7,0.2,94
11716,08/02/22,16:47:48,0.0,1038.9,0.2,65
1400,08/02/22,16:47:49,20.2,1061.7,2.5,69
2340,08/02/22,16:47:50,1.6,1007.7,0.2,44
5430,08/02/22,16:47:51,1.6,1032.7,0.2,94
11716,08/02/22,16:47:52,0.0,1038.9,0.2,65
1400,08/02/22,16:47:53,20.2,1061.6,2.5,70
2340,08/02/22,16:47:54,1.6,1007.6,0.2,45
5430,08/02/22,16:47:55,1.6,1032.6,0.2,94
11716,08/02/22,16:47:56,0.0,1038.8,0.2,65
1400,08/02/22,16:47:57,20.2,1061.6,2.5,70
2340,08/02/22,16:47:58,1.6,1007.6,0.2,45
5430,08/02/22,16:47:59,1.6,1032.6,0.2,94
11716,08/02/22,16:48:0,0.0,1038.8,0.2,65
1400,08/02/22,16:48:1,20.2,1061.6,2.5,70
2340,08/02/22,16:48:2,1.6,1007.6,0.2,45
5430,08/02/22,16:48:3,1.6,1032.5,0.2,93
11716,08/02/22,16:48:4,0.0,1038.8,0.2,65
1400,08/02/22,16:48:5,20.2,1061.5,2.5,71
2340,08/02/22,16:48:6,1.6,1007.5,0.2,46
5430,08/02/22,16:48:7,1.6,1032.5,0.2,93
11716,08/02/22,16:48:8,0.0,1038.8,0.2,65
1400,08/02/22,16:48:9,20.2,1061.5,2.5,71
2340,08/02/22,16:48:10,1.6,1007.5,0.2,46
5430,08/02/22,16:48:11,1.6,1032.5,0.2,93
11716,08/02/22,16:48:12,0.0,1038.8,0.2,65
1400,08/02/22,16:48:13,20.2,1061.4,2.5,72
2340,08/02/22,16:48:14,1.6,1007.4,0.2,47
5430,08/02/22,16:48:15,1.6,1032.4,0.2,93
11716,08/02/22,16:48:16,0.0,1038.7,0.2,65
1400,08/02/22,16:48:17,20.2,1061.4,2.5,72
2340,08/02/22,16:48:18,1.6,1007.4,0.2,47
5430,08/02/22,16:48:19,1.6,1032.4,0.2,93
11716,08/02/22,16:48:20,0.0,1038.7,0.2,65
1400,08/02/22,16:48:21,20.2,1061.4,2.5,72
2340,08/02/22,16:48:22,1.6,1007.4,0.2,47
5430,08/02/22,16:48:23,1.6,1032.3,0.2,93
11716,08/02/22,16:48:24,0.0,1038.7,0.2,65
1400,08/02/22,16:48:25,20.2,1061.3,2.5,73
2340,08/02/22,16:48:26,1.6,1007.3,0.2,48
5430,08/02/22,16:48:27,1.6,1032.3,0.2,93
11716,08/02/22,16:48:28,0.0,1038.7,0.2,65
1400,08/02/22,16:48:29,20.2,1061.3,2.5,73
2340,08/02/22,16:48:30,1.6,1007.3,0.2,48
5430,08/02/22,16:48:31,1.6,1032.3,0.2,93
11716,08/02/22,16:48:32,0.0,1038.7,0.2,65
1400,08/02/22,16:48:33,20.2,1061.2,2.5,74
2340,08/02/22,16:48:34,1.6,1007.2,0.2,49
5430,08/02/22,16:48:35,1.6,1032.2,0.2,93
11716,08/02/22,16:48:36,0.0,1038.6,0.2,64
1400,08/02/22,16:48:37,20.2,1061.2,2.5,74
2340,08/02/22,16:48:38,1.6,1007.2,0.2,49
5430,08/02/22,16:48:39,1.6,1032.2,0.2,93
11716,08/02/22,16:48:40,0.0,1038.6,0.2,64
1400,08/02/22,16:48:41,20.2,1061.2,2.5,74
2340,08/02/22,16:48:42,1.6,1007.2,0.2,49
5430,08/02/22,16:48:43,1.6,1032.1,0.2,93
11716,08/02/22,16:48:44,0.0,1038.6,0.2,64
1400,08/02/22,16:48:45,20.2,1061.1,2.5,75
2340,08/02/22,16:48:46,1.6,1007.1,0.2,50
5430,08/02/22,16:48:47,1.6,1032.1,0.2,93
11716,08/02/22,16:48:48,0.0,1038.6,0.2,64
1400,08/02/22,16:48:49,20.2,1061.1,2.5,75
2340,08/02/22,16:48:50,1.6,1007.1,0.2,50
5430,08/02/22,16:48:51,1.6,1032.1,0.2,93
11716,08/02/22,16:48:52,0.0,1038.6,0.2,64
1400,08/02/22,16:48:53,20.3,1061.0,2.6,76
2340,08/02/22,16:48:54,1.7,1007.0,0.3,51
5430,08/02/22,16:48:55,1.7,1032.0,0.3,92
11716,08/02/22,16:48:56,0.0,1038.5,0.3,64
1400,08/02/22,16:48:57,20.3,1061.0,2.6,76
2340,08/02/22,16:48:58,1.7,1007.0,0.3,51
5430,08/02/22,16:48:59,1.7,1032.0,0.3,92
11716,08/02/22,16:49:0,0.0,1038.5,0.3,64
1400,08/02/22,16:49:1,20.3,1061.0,2.6,76
2340,08/02/22,16:49:2,1.7,1007.0,0.3,51
5430,08/02/22,16:49:3,1.7,1031.9,0.3,92
11716,08/02/22,16:49:4,0.0,1038.5,0.3,64
1400,08/02/22,16:49:5,20.3,1060.9,2.6,77
2340,08/02/22,16:49:6,1.7,1006.9,0.3,52
5430,08/02/22,16:49:7,1.7,1031.9,0.3,92
11716,08/02/22,16:49:8,0.0,1038.5,0.3,64
1400,08/02/22,16:49:9,20.3,1060.9,2.6,77
2340,08/02/22,16:49:10,1.7,1006.9,0.3,52
5430,08/02/22,16:49:11,1.7,1031.9,0.3,92
11716,08/02/22,16:49:12,0.0,1038.5,0.3,64
1400,08/02/22,16:49:13,20.3,1060.8,2.6,78
2340,08/02/22,16:49:14,1.7,1006.8,0.3,53
5430,08/02/22,16:49:15,1.7,1031.8,0.3,92
11716,08/02/22,16:49:16,0.0,1038.4,0.3,64
1400,08/02/22,16:49:17,20.3,1060.8,2.6,78
2340,08/02/22,16:49:18,1.7,1006.8,0.3,53
5430,08/02/22,16:49:19,1.7,1031.8,0.3,92
11716,08/02/22,16:49:20,0.0,1038.4,0.3,64
1400,08/02/22,16:49:21,20.3,1060.8,2.6,78
2340,08/02/22,16:49:22,1.7,1006.8,0.3,53
5430,08/02/22,16:49:23,1.7,1031.7,0.3,92
11716,08/02/22,16:49:24,0.0,1038.4,0.3,64
1400,08/02/22,16:49:25,20.3,1060.7,2.6,79
2340,08/02/22,16:49:26,1.7,1006.7,0.3,54
5430,08/02/22,16:49:27,1.7,1031.7,0.3,92
11716,08/02/22,16:49:28,0.0,1038.4,0.3,64
1400,08/02/22,16:49:29,20.3,1060.7,2.6,79
2340,08/02/22,16:49:30,1.7,1006.7,0.3,54
5430,08/02/22,16:49:31,1.7,1031.7,0.3,92
11716,08/02/22,16:49:32,0.0,1038.4,0.3,64
1400,08/02/22,16:49:33,20.3,1060.6,2.6,80
2340,08/02/22,16:49:34,1.7,1006.6,0.3,55
5430,08/02/22,16:49:35,1.7,1031.6,0.3,92
11716,08/02/22,16:49:36,0.0,1038.3,0.3,64
1400,08/02/22,16:49:37,20.3,1060.6,2.6,80
2340,08/02/22,16:49:38,1.7,1006.6,0.3,55
5430,08/02/22,16:49:39,1.7,1031.6,0.3,92
11716,08/02/22,16:49:40,0.0,1038.3,0.3,64
1400,08/02/22,16:49:41,20.3,1060.6,2.6,80
2340,08/02/22,16:49:42,1.7,1006.6,0.3,55
5430,08/02/22,16:49:43,1.7,1031.5,0.3,91
11716,08/02/22,16:49:44,0.0,1038.3,0.3,63
1400,08/02/22,16:49:45,20.3,1060.5,2.6,81
2340,08/02/22,16:49:46,1.7,1006.5,0.3,56
5430,08/02/22,16:49:47,1.7,1031.5,0.3,91
11716,08/02/22,16:49:48,0.0,1038.3,0.3,63
1400,08/02/22,16:49:49,20.3,1060.5,2.6,81
2340,08/02/22,16:49:50,1.7,1006.5,0.3,56
5430,08/02/22,16:49:51,1.7,1031.5,0.3,91
11716,08/02/22,16:49:52,0.0,1038.3,0.3,63
1400,08/02/22,16:49:53,20.3,1060.4,2.6,82
2340,08/02/22,16:49:54,1.7,1006.4,0.3,57
5430,08/02/22,16:49:55,1.7,1031.4,0.3,91
11716,08/02/22,16:49:56,0.0,1038.2,0.3,63
1400,08/02/22,16:49:57,20.3,1060.4,2.6,82
2340,08/02/22,16:49:58,1.7,1006.4,0.3,57
5430,08/02/22,16:49:59,1.7,1031.4,0.3,91
11716,08/02/22,16:50:0,0.0,1038.2,0.3,63
1400,08/02/22,16:50:1,20.3,1060.4,2.6,82
2340,08/02/22,16:50:2,1.7,1006.4,0.3,57
5430,08/02/22,16:50:3,1.7,1031.3,0.3,91
11716,08/02/22,16:50:4,0.0,1038.2,0.3,63
1400,08/02/22,16:50:5,20.3,1060.3,2.6,83
2340,08/02/22,16:50:6,1.7,1006.3,0.3,58
5430,08/02/22,16:50:7,1.7,1031.3,0.3,91
11716,08/02/22,16:50:8,0.0,1038.2,0.3,63
1400,08/02/22,16:50:9,20.3,1060.3,2.6,83
2340,08/02/22,16:50:10,1.7,1006.3,0.3,58
5430,08/02/22,16:50:11,1.7,1031.3,0.3,91
11716,08/02/22,16:50:12,0.0,1038.2,0.3,63
1400,08/02/22,16:50:13,20.3,1060.2,2.6,84
2340,08/02/22,16:50:14,1.7,1006.2,0.3,59
5430,08/02/22,16:50:15,1.7,1031.2,0.3,91
11716,08/02/22,16:50:16,0.0,1038.1,0.3,63
1400,08/02/22,16:50:17,20.3,1060.2,2.6,84
2340,08/02/22,16:50:18,1.7,1006.2,0.3,59
5430,08/02/22,16:50:19,1.7,1031.2,0.3,91
11716,08/02/22,16:50:20,0.0,1038.1,0.3,63
1400,08/02/22,16:50:21,20.3,1060.2,2.6,84
2340,08/02/22,16:50:22,1.7,1006.2,0.3,59
5430,08/02/22,16:50:23,1.7,1031.1,0.3,91
11716,08/02/22,16:50:24,0.0,1038.1,0.3,63
1400,08/02/22,16:50:25,20.3,1060.1,2.6,85
2340,08/02/22,16:50:26,1.7,1006.1,0.3,60
5430,08/02/22,16:50:27,1.7,1031.1,0.3,91
11716,08/02/22,16:50:28,0.0,1038.1,0.3,63
1400,08/02/22,16:50:29,20.3,1060.1,2.6,85
2340,08/02/22,16:50:30,1.7,1006.1,0.3,60
5430,08/02/22,16:50:31,1.7,1031.1,0.3,91
11716,08/02/22,16:50:32,0.0,1038.1,0.3,63
1400,08/02/22,16:50:33,20.4,1060.0,2.7,86
2340,08/02/22,16:50:34,1.8,1006.0,0.4,61
5430,08/02/22,16:50:35,1.8,1031.0,0.4,90
11716,08/02/22,16:50:36,0.1,1038.0,0.4,63
1400,08/02/22,16:50:37,20.4,1060.0,2.7,86
2340,08/02/22,16:50:38,1.8,1006.0,0.4,61
5430,08/02/22,16:50:39,1.8,1031.0,0.4,90
11716,08/02/22,16:50:40,0.1,1038.0,0.4,63
1400,08/02/22,16:50:41,20.4,1060.0,2.7,86
2340,08/02/22,16:50:42,1.8,1006.0,0.4,61
5430,08/02/22,16:50:43,1.8,1030.9,0.4,90
11716,08/02/22,16:50:44,0.1,1038.0,0.4,63
1400,08/02/22,16:50:45,20.4,1059.9,2.7,87
2340,08/02/22,16:50:46,1.8,1005.9,0.4,62
5430,08/02/22,16:50:47,1.8,1030.9,0.4,90
11716,08/02/22,16:50:48,0.1,1038.0,0.4,63
1400,08/02/22,16:50:49,20.4,1059.9,2.7,87
2340,08/02/22,16:50:50,1.8,1005.9,0.4,62
5430,08/02/22,16:50:51,1.8,1030.9,0.4,90
11716,08/02/22,16:50:52,0.1,1038.0,0.4,63
1400,08/02/22,16:50:53,20.4,1059.8,2.7,88
2340,08/02/22,16:50:54,1.8,1005.8,0.4,63
5430,08/02/22,16:50:55,1.8,1030.8,0.4,90
11716,08/02/22,16:50:56,0.1,1037.9,0.4,62
1400,08/02/22,16:50:57,20.4,1059.8,2.7,88
2340,08/02/22,16:50:58,1.8,1005.8,0.4,63
5430,08/02/22,16:50:59,1.8,1030.8,0.4,90
11716,08/02/22,16:51:0,0.1,1037.9,0.4,62
1400,08/02/22,16:51:1,20.4,1059.8,2.7,88
2340,08/02/22,16:51:2,1.8,1005.8,0.4,63
5430,08/02/22,16:51:3,1.8,1030.7,0.4,90
11716,08/02/22,16:51:4,0.1,1037.9,0.4,62
1400,08/02/22,16:51:5,20.4,1059.7,2.7,89
2340,08/02/22,16:51:6,1.8,1005.7,0.4,64
5430,08/02/22,16:51:7,1.8,1030.7,0.4,90
11716,08/02/22,16:51:8,0.1,1037.9,0.4,62
1400,08/02/22,16:51:9,20.4,1059.7,2.7,89
2340,08/02/22,16:51:10,1.8,1005.7,0.4,64
5430,08/02/22,16:51:11,1.8,1030.7,0.4,90
11716,08/02/22,16:51:12,0.1,1037.9,0.4,62
1400,08/02/22,16:51:13,20.4,1059.6,2.7,90
2340,08/02/22,16:51:14,1.8,1005.6,0.4,65
5430,08/02/22,16:51:15,1.8,1030.6,0.4,90
11716,08/02/22,16:51:16,0.1,1037.8,0.4,62
1400,08/02/22,16:51:17,20.4,1059.6,2.7,90
2340,08/02/22,16:51:18,1.8,1005.6,0.4,65
5430,08/02/22,16:51:19,1.8,1030.6,0.4,90
11716,08/02/22,16:51:20,0.1,1037.8,0.4,62
1400,08/02/22,16:51:21,20.4,1059.6,2.7,90
2340,08/02/22,16:51:22,1.8,1005.6,0.4,65
5430,08/02/22,16:51:23,1.8,1030.5,0.4,89
11716,08/02/22,16:51:24,0.1,1037.8,0.4,62
1400,08/02/22,16:51:25,20.4,1059.5,2.7,91
2340,08/02/22,16:51:26,1.8,1005.5,0.4,66
5430,08/02/22,16:51:27,1.8,1030.5,0.4,89
11716,08/02/22,16:51:28,0.1,1037.8,0.4,62
1400,08/02/22,16:51:29,20.4,1059.5,2.7,91
2340,08/02/22,16:51:30,1.8,1005.5,0.4,66
5430,08/02/22,16:51:31,1.8,1030.5,0.4,89
11716,08/02/22,16:51:32,0.1,1037.8,0.4,62
1400,08/02/22,16:51:33,20.4,1059.4,2.7,92
2340,08/02/22,16:51:34,1.8,1005.4,0.4,67
5430,08/02/22,16:51:35,1.8,1030.4,0.4,89
11716,08/02/22,16:51:36,0.1,1037.7,0.4,62
1400,08/02/22,16:51:37,20.4,1059.4,2.7,92
2340,08/02/22,16:51:38,1.8,1005.4,0.4,67
5430,08/02/22,16:51:39,1.8,1030.4,0.4,89
11716,08/02/22,16:51:40,0.1,1037.7,0.4,62
1400,08/02/22,16:51:41,20.4,1059.4,2.7,92
2340,08/02/22,16:51:42,1.8,1005.4,0.4,67
5430,08/02/22,16:51:43,1.8,1030.3,0.4,89
11716,08/02/22,16:51:44,0.1,1037.7,0.4,62
1400,08/02/22,16:51:45,20.4,1059.3,2.7,93
2340,08/02/22,16:51:46,1.8,1005.3,0.4,68
5430,08/02/22,16:51:47,1.8,1030.3,0.4,89
11716,08/02/22,16:51:48,0.1,1037.7,0.4,62
1400,08/02/22,16:51:49,20.4,1059.3,2.7,93
2340,08/02/22,16:51:50,1.8,1005.3,0.4,68
5430,08/02/22,16:51:51,1.8,1030.3,0.4,89
11716,08/02/22,16:51:52,0.1,1037.7,0.4,62
1400,08/02/22,16:51:53,20.4,1059.2,2.7,94
2340,08/02/22,16:51:54,1.8,1005.2,0.4,69
5430,08/02/22,16:51:55,1.8,1030.2,0.4,89
11716,08/02/22,16:51:56,0.1,1037.6,0.4,62
1400,08/02/22,16:51:57,20.4,1059.2,2.7,94
2340,08/02/22,16:51:58,1.8,1005.2,0.4,69
5430,08/02/22,16:51:59,1.8,1030.2,0.4,89
11716,08/02/22,16:52:0,0.1,1037.6,0.4,62
1400,08/02/22,16:52:1,20.4,1059.2,2.7,94
2340,08/02/22,16:52:2,1.8,1005.2,0.4,69
5430,08/02/22,16:52:3,1.8,1030.1,0.4,89
11716,08/02/22,16:52:4,0.1,1037.6,0.4,61
1400,08/02/22,16:52:5,20.4,1059.1,2.7,95
2340,08/02/22,16:52:6,1.8,1005.1,0.4,70
5430,08/02/22,16:52:7,1.8,1030.1,0.4,89
11716,08/02/22,16:52:8,0.1,1037.6,0.4,61
1400,08/02/22,16:52:9,20.4,1059.1,2.7,95
2340,08/02/22,16:52:10,1.8,1005.1,0.4,70
5430,08/02/22,16:52:11,1.8,1030.1,0.4,89
11716,08/02/22,16:52:12,0.1,1037.6,0.4,61
1400,08/02/22,16:52:13,20.5,1059.0,2.8,96
2340,08/02/22,16:52:14,1.9,1005.0,0.5,71
5430,08/02/22,16:52:15,1.9,1030.0,0.5,88
11716,08/02/22,16:52:16,0.1,1037.5,0.5,61
1400,08/02/22,16:52:17,20.5,1059.0,2.8,96
2340,08/02/22,16:52:18,1.9,1005.0,0.5,71
5430,08/02/22,16:52:19,1.9,1030.0,0.5,88
11716,08/02/22,16:52:20,0.1,1037.5,0.5,61
1400,08/02/22,16:52:21,20.5,1059.0,2.8,96
2340,08/02/22,16:52:22,1.9,1005.0,0.5,71
5430,08/02/22,16:52:23,1.9,1029.9,0.5,88
11716,08/02/22,16:52:24,0.1,1037.5,0.5,61
1400,08/02/22,16:52:25,20.5,1058.9,2.8,97
2340,08/02/22,16:52:26,1.9,1004.9,0.5,72
5430,08/02/22,16:52:27,1.9,1029.9,0.5,88
11716,08/02/22,16:52:28,0.1,1037.5,0.5,61
1400,08/02/22,16:52:29,20.5,1058.9,2.8,97
2340,08/02/22,16:52:30,1.9,1004.9,0.5,72
5430,08/02/22,16:52:31,1.9,1029.9,0.5,88
11716,08/02/22,16:52:32,0.1,1037.5,0.5,61
1400,08/02/22,16:52:33,20.5,1058.8,2.8,98
2340,08/02/22,16:52:34,1.9,1004.8,0.5,73
5430,08/02/22,16:52:35,1.9,1029.8,0.5,88
11716,08/02/22,16:52:36,0.1,1037.4,0.5,61
1400,08/02/22,16:52:37,20.5,1058.8,2.8,98
2340,08/02/22,16:52:38,1.9,1004.8,0.5,73
5430,08/02/22,16:52:39,1.9,1029.8,0.5,88
11716,08/02/22,16:52:40,0.1,1037.4,0.5,61
1400,08/02/22,16:52:41,20.5,1058.8,2.8,98
2340,08/02/22,16:52:42,1.9,1004.8,0.5,73
5430,08/02/22,16:52:43,1.9,1029.7,0.5,88
11716,08/02/22,16:52:44,0.1,1037.4,0.5,61
1400,08/02/22,16:52:45,20.5,1058.7,2.8,99
2340,08/02/22,16:52:46,1.9,1004.7,0.5,74
5430,08/02/22,16:52:47,1.9,1029.7,0.5,88
11716,08/02/22,16:52:48,0.1,1037.4,0.5,61
1400,08/02/22,16:52:49,20.5,1058.7,2.8,99
2340,08/02/22,16:52:50,1.9,1004.7,0.5,74
5430,08/02/22,16:52:51,1.9,1029.7,0.5,88
11716,08/02/22,16:52:52,0.1,1037.4,0.5,61
1400,08/02/22,16:52:53,20.5,1058.6,2.8,100
2340,08/02/22,16:52:54,1.9,1004.6,0.5,75
5430,08/02/22,16:52:55,1.9,1029.6,0.5,88
11716,08/02/22,16:52:56,0.1,1037.3,0.5,61
1400,08/02/22,16:52:57,20.5,1058.6,2.8,100
2340,08/02/22,16:52:58,1.9,1004.6,0.5,75
5430,08/02/22,16:52:59,1.9,1029.6,0.5,88
11716,08/02/22,16:53:0,0.1,1037.3,0.5,61
1400,08/02/22,16:53:1,20.5,1058.6,2.8,100
2340,08/02/22,16:53:2,1.9,1004.6,0.5,75
5430,08/02/22,16:53:3,1.9,1029.5,0.5,87
11716,08/02/22,16:53:4,0.1,1037.3,0.5,61
1400,08/02/22,16:53:5,20.5,1058.5,2.8,101
2340,08/02/22,16:53:6,1.9,1004.5,0.5,76
5430,08/02/22,16:53:7,1.9,1029.5,0.5,87
11716,08/02/22,16:53:8,0.1,1037.3,0.5,61
1400,08/02/22,16:53:9,20.5,1058.5,2.8,101
2340,08/02/22,16:53:10,1.9,1004.5,0.5,76
5430,08/02/22,16:53:11,1.9,1029.5,0.5,87
11716,08/02/22,16:53:12,0.1,1037.3,0.5,61
1400,08/02/22,16:53:13,20.5,1058.4,2.8,102
2340,08/02/22,16:53:14,1.9,1004.4,0.5,77
5430,08/02/22,16:53:15,1.9,1029.4,0.5,87
11716,08/02/22,16:53:16,0.1,1037.2,0.5,60
1400,08/02/22,16:53:17,20.5,1058.4,2.8,102
2340,08/02/22,16:53:18,1.9,1004.4,0.5,77
5430,08/02/22,16:53:19,1.9,1029.4,0.5,87
11716,08/02/22,16:53:20,0.1,1037.2,0.5,60
1400,08/02/22,16:53:21,20.5,1058.4,2.8,102
2340,08/02/22,16:53:22,1.9,1004.4,0.5,77
5430,08/02/22,16:53:23,1.9,1029.3,0.5,87
11716,08/02/22,16:53:24,0.1,1037.2,0.5,60
1400,08/02/22,16:53:25,20.5,1058.3,2.8,103
2340,08/02/22,16:53:26,1.9,1004.3,0.5,78
5430,08/02/22,16:53:27,1.9,1029.3,0.5,87
11716,08/02/22,16:53:28,0.1,1037.2,0.5,60
1400,08/02/22,16:53:29,20.5,1058.3,2.8,103
2340,08/02/22,16:53:30,1.9,1004.3,0.5,78
5430,08/02/22,16:53:31,1.9,1029.3,0.5,87
11716,08/02/22,16:53:32,0.1,1037.2,0.5,60
1400,08/02/22,16:53:33,20.5,1058.2,2.8,104
2340,08/02/22,16:53:34,1.9,1004.2,0.5,79
5430,08/02/22,16:53:35,1.9,1029.2,0.5,87
11716,08/02/22,16:53:36,0.1,1037.1,0.5,60
1400,08/02/22,16:53:37,20.5,1058.2,2.8,104
2340,08/02/22,16:53:38,1.9,1004.2,0.5,79
5430,08/02/22,16:53:39,1.9,1029.2,0.5,87
11716,08/02/22,16:53:40,0.1,1037.1,0.5,60
1400,08/02/22,16:53:41,20.5,1058.2,2.8,104
2340,08/02/22,16:53:42,1.9,1004.2,0.5,79
5430,08/02/22,16:53:43,1.9,1029.1,0.5,87
11716,08/02/22,16:53:44,0.1,1037.1,0.5,60
1400,08/02/22,16:53:45,20.5,1058.1,2.8,105
2340,08/02/22,16:53:46,1.9,1004.1,0.5,80
5430,08/02/22,16:53:47,1.9,1029.1,0.5,87
11716,08/02/22,16:53:48,0.1,1037.1,0.5,60
1400,08/02/22,16:53:49,20.5,1058.1,2.8,105
2340,08/02/22,16:53:50,1.9,1004.1,0.5,80
5430,08/02/22,16:53:51,1.9,1029.1,0.5,87
11716,08/02/22,16:53:52,0.1,1037.1,0.5,60
1400,08/02/22,16:53:53,20.6,1058.0,2.9,106
2340,08/02/22,16:53:54,2.0,1004.0,0.6,81
5430,08/02/22,16:53:55,2.0,1029.0,0.6,86
11716,08/02/22,16:53:56,0.2,1037.0,0.6,60
1400,08/02/22,16:53:57,20.6,1058.0,2.9,106
2340,08/02/22,16:53:58,2.0,1004.0,0.6,81
5430,08/02/22,16:53:59,2.0,1029.0,0.6,86
11716,08/02/22,16:54:0,0.2,1037.0,0.6,60
1400,08/02/22,16:54:1,20.6,1058.0,2.9,106
2340,08/02/22,16:54:2,2.0,1004.0,0.6,81
5430,08/02/22,16:54:3,2.0,1028.9,0.6,86
11716,08/02/22,16:54:4,0.2,1037.0,0.6,60
1400,08/02/22,16:54:5,20.6,1057.9,2.9,107
2340,08/02/22,16:54:6,2.0,1003.9,0.6,82
5430,08/02/22,16:54:7,2.0,1028.9,0.6,86
11716,08/02/22,16:54:8,0.2,1037.0,0.6,60
1400,08/02/22,16:54:9,20.6,1057.9,2.9,107
2340,08/02/22,16:54:10,2.0,1003.9,0.6,82
5430,08/02/22,16:54:11,2.0,1028.9,0.6,86
11716,08/02/22,16:54:12,0.2,1037.0,0.6,60
1400,08/02/22,16:54:13,20.6,1057.8,2.9,108
2340,08/02/22,16:54:14,2.0,1003.8,0.6,83
5430,08/02/22,16:54:15,2.0,1028.8,0.6,86
11716,08/02/22,16:54:16,0.2,1036.9,0.6,60
1400,08/02/22,16:54:17,20.6,1057.8,2.9,108
2340,08/02/22,16:54:18,2.0,1003.8,0.6,83
5430,08/02/22,16:54:19,2.0,1028.8,0.6,86
11716,08/02/22,16:54:20,0.2,1036.9,0.6,60
1400,08/02/22,16:54:21,20.6,1057.8,2.9,108
2340,08/02/22,16:54:22,2.0,1003.8,0.6,83
5430,08/02/22,16:54:23,2.0,1028.7,0.6,86
11716,08/02/22,16:54:24,0.2,1036.9,0.6,59
1400,08/02/22,16:54:25,20.6,1057.7,2.9,109
2340,08/02/22,16:54:26,2.0,1003.7,0.6,84
5430,08/02/22,16:54:27,2.0,1028.7,0.6,86
11716,08/02/22,16:54:28,0.2,1036.9,0.6,59
1400,08/02/22,16:54:29,20.6,1057.7,2.9,109
2340,08/02/22,16:54:30,2.0,1003.7,0.6,84
5430,08/02/22,16:54:31,2.0,1028.7,0.6,86
11716,08/02/22,16:54:32,0.2,1036.9,0.6,59
1400,08/02/22,16:54:33,20.6,1057.6,2.9,110
2340,08/02/22,16:54:34,2.0,1003.6,0.6,85
5430,08/02/22,16:54:35,2.0,1028.6,0.6,86
11716,08/02/22,16:54:36,0.2,1036.8,0.6,59
1400,08/02/22,16:54:37,20.6,1057.6,2.9,110
2340,08/02/22,16:54:38,2.0,1003.6,0.6,85
5430,08/02/22,16:54:39,2.0,1028.6,0.6,86
11716,08/02/22,16:54:40,0.2,1036.8,0.6,59
1400,08/02/22,16:54:41,20.6,1057.6,2.9,110
2340,08/02/22,16:54:42,2.0,1003.6,0.6,85
5430,08/02/22,16:54:43,2.0,1028.5,0.6,85
11716,08/02/22,16:54:44,0.2,1036.8,0.6,59
1400,08/02/22,16:54:45,20.6,1057.5,2.9,111
2340,08/02/22,16:54:46,2.0,1003.5,0.6,86
5430,08/02/22,16:54:47,2.0,1028.5,0.6,85
11716,08/02/22,16:54:48,0.2,1036.8,0.6,59
1400,08/02/22,16:54:49,20.6,1057.5,2.9,111
2340,08/02/22,16:54:50,2.0,1003.5,0.6,86
5430,08/02/22,16:54:51,2.0,1028.5,0.6,85
11716,08/02/22,16:54:52,0.2,1036.8,0.6,59
1400,08/02/22,16:54:53,20.6,1057.4,2.9,112
2340,08/02/22,16:54:54,2.0,1003.4,0.6,87
5430,08/02/22,16:54:55,2.0,1028.4,0.6,85
11716,08/02/22,16:54:56,0.2,1036.7,0.6,59
1400,08/02/22,16:54:57,20.6,1057.4,2.9,112
2340,08/02/22,16:54:58,2.0,1003.4,0.6,87
5430,08/02/22,16:54:59,2.0,1028.4,0.6,85
11716,08/02/22,16:55:0,0.2,1036.7,0.6,59
1400,08/02/22,16:55:1,20.6,1057.4,2.9,112
2340,08/02/22,16:55:2,2.0,1003.4,0.6,87
5430,08/02/22,16:55:3,2.0,1028.3,0.6,85
11716,08/02/22,16:55:4,0.2,1036.7,0.6,59
1400,08/02/22,16:55:5,20.6,1057.3,2.9,113
2340,08/02/22,16:55:6,2.0,1003.3,0.6,88
5430,08/02/22,16:55:7,2.0,1028.3,0.6,85
11716,08/02/22,16:55:8,0.2,1036.7,0.6,59
1400,08/02/22,16:55:9,20.6,1057.3,2.9,113
2340,08/02/22,16:55:10,2.0,1003.3,0.6,88
5430,08/02/22,16:55:11,2.0,1028.3,0.6,85
11716,08/02/22,16:55:12,0.2,1036.7,0.6,59
1400,08/02/22,16:55:13,20.6,1057.2,2.9,114
2340,08/02/22,16:55:14,2.0,1003.2,0.6,89
5430,08/02/22,16:55:15,2.0,1028.2,0.6,85
11716,08/02/22,16:55:16,0.2,1036.6,0.6,59
1400,08/02/22,16:55:17,20.6,1057.2,2.9,114
2340,08/02/22,16:55:18,2.0,1003.2,0.6,89
5430,08/02/22,16:55:19,2.0,1028.2,0.6,85
11716,08/02/22,16:55:20,0.2,1036.6,0.6,59
1400,08/02/22,16:55:21,20.6,1057.2,2.9,114
2340,08/02/22,16:55:22,2.0,1003.2,0.6,89
5430,08/02/22,16:55:23,2.0,1028.1,0.6,85
11716,08/02/22,16:55:24,0.2,1036.6,0.6,59
1400,08/02/22,16:55:25,20.6,1057.1,2.9,115
2340,08/02/22,16:55:26,2.0,1003.1,0.6,90
5430,08/02/22,16:55:27,2.0,1028.1,0.6,85
11716,08/02/22,16:55:28,0.2,1036.6,0.6,59
1400,08/02/22,16:55:29,20.6,1057.1,2.9,115
2340,08/02/22,16:55:30,2.0,1003.1,0.6,90
5430,08/02/22,16:55:31,2.0,1028.1,0.6,85
11716,08/02/22,16:55:32,0.2,1036.6,0.6,59
1400,08/02/22,16:55:33,20.7,1057.0,3.0,116
2340,08/02/22,16:55:34,2.1,1003.0,0.7,91
5430,08/02/22,16:55:35,2.1,1028.0,0.7,84
11716,08/02/22,16:55:36,0.2,1036.5,0.7,58
1400,08/02/22,16:55:37,20.7,1057.0,3.0,116
2340,08/02/22,16:55:38,2.1,1003.0,0.7,91
5430,08/02/22,16:55:39,2.1,1028.0,0.7,84
11716,08/02/22,16:55:40,0.2,1036.5,0.7,58
1400,08/02/22,16:55:41,20.7,1057.0,3.0,116
2340,08/02/22,16:55:42,2.1,1003.0,0.7,91
5430,08/02/22,16:55:43,2.1,1027.9,0.7,84
11716,08/02/22,16:55:44,0.2,1036.5,0.7,58
1400,08/02/22,16:55:45,20.7,1056.9,3.0,117
2340,08/02/22,16:55:46,2.1,1002.9,0.7,92
5430,08/02/22,16:55:47,2.1,1027.9,0.7,84
11716,08/02/22,16:55:48,0.2,1036.5,0.7,58
1400,08/02/22,16:55:49,20.7,1056.9,3.0,117
2340,08/02/22,16:55:50,2.1,1002.9,0.7,92
5430,08/02/22,16:55:51,2.1,1027.9,0.7,84
11716,08/02/22,16:55:52,0.2,1036.5,0.7,58
1400,08/02/22,16:55:53,20.7,1056.8,3.0,118
2340,08/02/22,16:55:54,2.1,1002.8,0.7,93
5430,08/02/22,16:55:55,2.1,1027.8,0.7,84
11716,08/02/22,16:55:56,0.2,1036.4,0.7,58
1400,08/02/22,16:55:57,20.7,1056.8,3.0,118
2340,08/02/22,16:55:58,2.1,1002.8,0.7,93
5430,08/02/22,16:55:59,2.1,1027.8,0.7,84
11716,08/02/22,16:56:0,0.2,1036.4,0.7,58
1400,08/02/22,16:56:1,20.7,1056.8,3.0,118
2340,08/02/22,16:56:2,2.1,1002.8,0.7,93
5430,08/02/22,16:56:3,2.1,1027.7,0.7,84
11716,08/02/22,16:56:4,0.2,1036.4,0.7,58
1400,08/02/22,16:56:5,20.7,1056.7,3.0,119
2340,08/02/22,16:56:6,2.1,1002.7,0.7,94
5430,08/02/22,16:56:7,2.1,1027.7,0.7,84
11716,08/02/22,16:56:8,0.2,1036.4,0.7,58
1400,08/02/22,16:56:9,20.7,1056.7,3.0,119
2340,08/02/22,16:56:10,2.1,1002.7,0.7,94
5430,08/02/22,16:56:11,2.1,1027.7,0.7,84
11716,08/02/22,16:56:12,0.2,1036.4,0.7,58
1400,08/02/22,16:56:13,20.7,1056.6,3.0,120
2340,08/02/22,16:56:14,2.1,1002.6,0.7,95
5430,08/02/22,16:56:15,2.1,1027.6,0.7,84
11716,08/02/22,16:56:16,0.2,1036.3,0.7,58
1400,08/02/22,16:56:17,20.7,1056.6,3.0,120
2340,08/02/22,16:56:18,2.1,1002.6,0.7,95
5430,08/02/22,16:56:19,2.1,1027.6,0.7,84
11716,08/02/22,16:56:20,0.2,1036.3,0.7,58
1400,08/02/22,16:56:21,20.7,1056.6,3.0,120
2340,08/02/22,16:56:22,2.1,1002.6,0.7,95
5430,08/02/22,16:56:23,2.1,1027.5,0.7,83
11716,08/02/22,16:56:24,0.2,1036.3,0.7,58
1400,08/02/22,16:56:25,20.7,1056.5,3.0,121
2340,08/02/22,16:56:26,2.1,1002.5,0.7,96
5430,08/02/22,16:56:27,2.1,1027.5,0.7,83
11716,08/02/22,16:56:28,0.2,1036.3,0.7,58
1400,08/02/22,16:56:29,20.7,1056.5,3.0,121
2340,08/02/22,16:56:30,2.1,1002.5,0.7,96
5430,08/02/22,16:56:31,2.1,1027.5,0.7,83
11716,08/02/22,16:56:32,0.2,1036.3,0.7,58
1400,08/02/22,16:56:33,20.7,1056.4,3.0,122
2340,08/02/22,16:56:34,2.1,1002.4,0.7,97
5430,08/02/22,16:56:35,2.1,1027.4,0.7,83
11716,08/02/22,16:56:36,0.2,1036.2,0.7,58
1400,08/02/22,16:56:37,20.7,1056.4,3.0,122
2340,08/02/22,16:56:38,2.1,1002.4,0.7,97
5430,08/02/22,16:56:39,2.1,1027.4,0.7,83
11716,08/02/22,16:56:40,0.2,1036.2,0.7,58
1400,08/02/22,16:56:41,20.7,1056.4,3.0,122
2340,08/02/22,16:56:42,2.1,1002.4,0.7,97
5430,08/02/22,16:56:43,2.1,1027.3,0.7,83
11716,08/02/22,16:56:44,0.2,1036.2,0.7,57
1400,08/02/22,16:56:45,20.7,1056.3,3.0,123
2340,08/02/22,16:56:46,2.1,1002.3,0.7,98
5430,08/02/22,16:56:47,2.1,1027.3,0.7,83
11716,08/02/22,16:56:48,0.2,1036.2,0.7,57
1400,08/02/22,16:56:49,20.7,1056.3,3.0,123
2340,08/02/22,16:56:50,2.1,1002.3,0.7,98
5430,08/02/22,16:56:51,2.1,1027.3,0.7,83
11716,08/02/22,16:56:52,0.2,1036.2,0.7,57
1400,08/02/22,16:56:53,20.7,1056.2,3.0,124
2340,08/02/22,16:56:54,2.1,1002.2,0.7,99
5430,08/02/22,16:56:55,2.1,1027.2,0.7,83
11716,08/02/22,16:56:56,0.2,1036.1,0.7,57
1400,08/02/22,16:56:57,20.7,1056.2,3.0,124
2340,08/02/22,16:56:58,2.1,1002.2,0.7,99
5430,08/02/22,16:56:59,2.1,1027.2,0.7,83
11716,08/02/22,16:57:0,0.2,1036.1,0.7,57
1400,08/02/22,16:57:1,20.7,1056.2,3.0,124
2340,08/02/22,16:57:2,2.1,1002.2,0.7,99
5430,08/02/22,16:57:3,2.1,1027.1,0.7,83
11716,08/02/22,16:57:4,0.2,1036.1,0.7,57
1400,08/02/22,16:57:5,20.7,1056.1,3.0,125
2340,08/02/22,16:57:6,2.1,1002.1,0.7,100
5430,08/02/22,16:57:7,2.1,1027.1,0.7,83
11716,08/02/22,16:57:8,0.2,1036.1,0.7,57
1400,08/02/22,16:57:9,20.7,1056.1,3.0,125
2340,08/02/22,16:57:10,2.1,1002.1,0.7,100
5430,08/02/22,16:57:11,2.1,1027.1,0.7,83
11716,08/02/22,16:57:12,0.2,1036.1,0.7,57
1400,08/02/22,16:57:13,20.8,1056.0,3.1,126
2340,08/02/22,16:57:14,2.2,1002.0,0.8,101
5430,08/02/22,16:57:15,2.2,1027.0,0.8,82
11716,08/02/22,16:57:16,0.3,1036.0,0.8,57
1400,08/02/22,16:57:17,20.8,1056.0,3.1,126
2340,08/02/22,16:57:18,2.2,1002.0,0.8,101
5430,08/02/22,16:57:19,2.2,1027.0,0.8,82
11716,08/02/22,16:57:20,0.3,1036.0,0.8,57
1400,08/02/22,16:57:21,20.8,1056.0,3.1,126
2340,08/02/22,16:57:22,2.2,1002.0,0.8,101
5430,08/02/22,16:57:23,2.2,1026.9,0.8,82
11716,08/02/22,16:57:24,0.3,1036.0,0.8,57
1400,08/02/22,16:57:25,20.8,1055.9,3.1,127
2340,08/02/22,16:57:26,2.2,1001.9,0.8,102
5430,08/02/22,16:57:27,2.2,1026.9,0.8,82
11716,08/02/22,16:57:28,0.3,1036.0,0.8,57
1400,08/02/22,16:57:29,20.8,1055.9,3.1,127
2340,08/02/22,16:57:30,2.2,1001.9,0.8,102
5430,08/02/22,16:57:31,2.2,1026.9,0.8,82
11716,08/02/22,16:57:32,0.3,1036.0,0.8,57
1400,08/02/22,16:57:33,20.8,1055.8,3.1,128
2340,08/02/22,16:57:34,2.2,1001.8,0.8,103
5430,08/02/22,16:57:35,2.2,1026.8,0.8,82
11716,08/02/22,16:57:36,0.3,1035.9,0.8,57
1400,08/02/22,16:57:37,20.8,1055.8,3.1,128
2340,08/02/22,16:57:38,2.2,1001.8,0.8,103
5430,08/02/22,16:57:39,2.2,1026.8,0.8,82
11716,08/02/22,16:57:40,0.3,1035.9,0.8,57
1400,08/02/22,16:57:41,20.8,1055.8,3.1,128
2340,08/02/22,16:57:42,2.2,1001.8,0.8,103
5430,08/02/22,16:57:43,2.2,1026.7,0.8,82
11716,08/02/22,16:57:44,0.3,1035.9,0.8,57
1400,08/02/22,16:57:45,20.8,1055.7,3.1,129
2340,08/02/22,16:57:46,2.2,1001.7,0.8,104
5430,08/02/22,16:57:47,2.2,1026.7,0.8,82
11716,08/02/22,16:57:48,0.3,1035.9,0.8,57
1400,08/02/22,16:57:49,20.8,1055.7,3.1,129
2340,08/02/22,16:57:50,2.2,1001.7,0.8,104
5430,08/02/22,16:57:51,2.2,1026.7,0.8,82
11716,08/02/22,16:57:52,0.3,1035.9,0.8,57
1400,08/02/22,16:57:53,20.8,1055.6,3.1,130
2340,08/02/22,16:57:54,2.2,1001.6,0.8,105
5430,08/02/22,16:57:55,2.2,1026.6,0.8,82
11716,08/02/22,16:57:56,0.3,1035.8,0.8,56
1400,08/02/22,16:57:57,20.8,1055.6,3.1,130
2340,08/02/22,16:57:58,2.2,1001.6,0.8,105
5430,08/02/22,16:57:59,2.2,1026.6,0.8,82
11716,08/02/22,16:58:0,0.3,1035.8,0.8,56
1400,08/02/22,16:58:1,20.8,1055.6,3.1,130
2340,08/02/22,16:58:2,2.2,1001.6,0.8,105
5430,08/02/22,16:58:3,2.2,1026.5,0.8,81
11716,08/02/22,16:58:4,0.3,1035.8,0.8,56
1400,08/02/22,16:58:5,20.8,1055.5,3.1,131
2340,08/02/22,16:58:6,2.2,1001.5,0.8,106
5430,08/02/22,16:58:7,2.2,1026.5,0.8,81
11716,08/02/22,16:58:8,0.3,1035.8,0.8,56
1400,08/02/22,16:58:9,20.8,1055.5,3.1,131
2340,08/02/22,16:58:10,2.2,1001.5,0.8,106
5430,08/02/22,16:58:11,2.2,1026.5,0.8,81
11716,08/02/22,16:58:12,0.3,1035.8,0.8,56
1400,08/02/22,16:58:13,20.8,1055.4,3.1,132
2340,08/02/22,16:58:14,2.2,1001.4,0.8,107
5430,08/02/22,16:58:15,2.2,1026.4,0.8,81
11716,08/02/22,16:58:16,0.3,1035.7,0.8,56
1400,08/02/22,16:58:17,20.8,1055.4,3.1,132
2340,08/02/22,16:58:18,2.2,1001.4,0.8,107
5430,08/02/22,16:58:19,2.2,1026.4,0.8,81
11716,08/02/22,16:58:20,0.3,1035.7,0.8,56
1400,08/02/22,16:58:21,20.8,1055.4,3.1,132
2340,08/02/22,16:58:22,2.2,1001.4,0.8,107
5430,08/02/22,16:58:23,2.2,1026.3,0.8,81
11716,08/02/22,16:58:24,0.3,1035.7,0.8,56
1400,08/02/22,16:58:25,20.8,1055.3,3.1,133
2340,08/02/22,16:58:26,2.2,1001.3,0.8,108
5430,08/02/22,16:58:27,2.2,1026.3,0.8,81
11716,08/02/22,16:58:28,0.3,1035.7,0.8,56
1400,08/02/22,16:58:29,20.8,1055.3,3.1,133
2340,08/02/22,16:58:30,2.2,1001.3,0.8,108
5430,08/02/22,16:58:31,2.2,1026.3,0.8,81
11716,08/02/22,16:58:32,0.3,1035.7,0.8,56
1400,08/02/22,16:58:33,20.8,1055.2,3.1,134
2340,08/02/22,16:58:34,2.2,1001.2,0.8,109
5430,08/02/22,16:58:35,2.2,1026.2,0.8,81
11716,08/02/22,16:58:36,0.3,1035.6,0.8,56
1400,08/02/22,16:58:37,20.8,1055.2,3.1,134
2340,08/02/22,16:58:38,2.2,1001.2,0.8,109
5430,08/02/22,16:58:39,2.2,1026.2,0.8,81
11716,08/02/22,16:58:40,0.3,1035.6,0.8,56
1400,08/02/22,16:58:41,20.8,1055.2,3.1,134
2340,08/02/22,16:58:42,2.2,1001.2,0.8,109
5430,08/02/22,16:58:43,2.2,1026.1,0.8,81
11716,08/02/22,16:58:44,0.3,1035.6,0.8,56
1400,08/02/22,16:58:45,20.8,1055.1,3.1,135
2340,08/02/22,16:58:46,2.2,1001.1,0.8,110
5430,08/02/22,16:58:47,2.2,1026.1,0.8,81
11716,08/02/22,16:58:48,0.3,1035.6,0.8,56
1400,08/02/22,16:58:49,20.8,1055.1,3.1,135
2340,08/02/22,16:58:50,2.2,1001.1,0.8,110
5430,08/02/22,16:58:51,2.2,1026.1,0.8,81
11716,08/02/22,16:58:52,0.3,1035.6,0.8,56
1400,08/02/22,16:58:53,20.9,1055.0,3.2,136
2340,08/02/22,16:58:54,2.3,1001.0,0.9,111
5430,08/02/22,16:58:55,2.3,1026.0,0.9,80
11716,08/02/22,16:58:56,0.3,1035.5,0.9,56
1400,08/02/22,16:58:57,20.9,1055.0,3.2,136
2340,08/02/22,16:58:58,2.3,1001.0,0.9,111
5430,08/02/22,16:58:59,2.3,1026.0,0.9,80
11716,08/02/22,16:59:0,0.3,1035.5,0.9,56
1400,08/02/22,16:59:1,20.9,1055.0,3.2,136
2340,08/02/22,16:59:2,2.3,1001.0,0.9,111
5430,08/02/22,16:59:3,2.3,1025.9,0.9,80
11716,08/02/22,16:59:4,0.3,1035.5,0.9,55
1400,08/02/22,16:59:5,20.9,1054.9,3.2,137
2340,08/02/22,16:59:6,2.3,1000.9,0.9,112
5430,08/02/22,16:59:7,2.3,1025.9,0.9,80
11716,08/02/22,16:59:8,0.3,1035.5,0.9,55
1400,08/02/22,16:59:9,20.9,1054.9,3.2,137
2340,08/02/22,16:59:10,2.3,1000.9,0.9,112
5430,08/02/22,16:59:11,2.3,1025.9,0.9,80
11716,08/02/22,16:59:12,0.3,1035.5,0.9,55
1400,08/02/22,16:59:13,20.9,1054.8,3.2,138
2340,08/02/22,16:59:14,2.3,1000.8,0.9,113
5430,08/02/22,16:59:15,2.3,1025.8,0.9,80
11716,08/02/22,16:59:16,0.3,1035.4,0.9,55
1400,08/02/22,16:59:17,20.9,1054.8,3.2,138
2340,08/02/22,16:59:18,2.3,1000.8,0.9,113
5430,08/02/22,16:59:19,2.3,1025.8,0.9,80
11716,08/02/22,16:59:20,0.3,1035.4,0.9,55
1400,08/02/22,16:59:21,20.9,1054.8,3.2,138
2340,08/02/22,16:59:22,2.3,1000.8,0.9,113
5430,08/02/22,16:59:23,2.3,1025.7,0.9,80
11716,08/02/22,16:59:24,0.3,1035.4,0.9,55
1400,08/02/22,16:59:25,20.9,1054.7,3.2,139
2340,08/02/22,16:59:26,2.3,1000.7,0.9,114
5430,08/02/22,16:59:27,2.3,1025.7,0.9,80
11716,08/02/22,16:59:28,0.3,1035.4,0.9,55
1400,08/02/22,16:59:29,20.9,1054.7,3.2,139
2340,08/02/22,16:59:30,2.3,1000.7,0.9,114
5430,08/02/22,16:59:31,2.3,1025.7,0.9,80
11716,08/02/22,16:59:32,0.3,1035.4,0.9,55
1400,08/02/22,16:59:33,20.9,1054.6,3.2,140
2340,08/02/22,16:59:34,2.3,1000.6,0.9,115
5430,08/02/22,16:59:35,2.3,1025.6,0.9,80
11716,08/02/22,16:59:36,0.3,1035.3,0.9,55
1400,08/02/22,16:59:37,20.9,1054.6,3.2,140
2340,08/02/22,16:59:38,2.3,1000.6,0.9,115
5430,08/02/22,16:59:39,2.3,1025.6,0.9,80
11716,08/02/22,16:59:40,0.3,1035.3,0.9,55
1400,08/02/22,16:59:41,20.9,1054.6,3.2,140
2340,08/02/22,16:59:42,2.3,1000.6,0.9,115
5430,08/02/22,16:59:43,2.3,1025.5,0.9,79
11716,08/02/22,16:59:44,0.3,1035.3,0.9,55
1400,08/02/22,16:59:45,20.9,1054.5,3.2,141
2340,08/02/22,16:59:46,2.3,1000.5,0.9,116
5430,08/02/22,16:59:47,2.3,1025.5,0.9,79
11716,08/02/22,16:59:48,0.3,1035.3,0.9,55
1400,08/02/22,16:59:49,20.9,1054.5,3.2,141
2340,08/02/22,16:59:50,2.3,1000.5,0.9,116
5430,08/02/22,16:59:51,2.3,1025.5,0.9,79
11716,08/02/22,16:59:52,0.3,1035.3,0.9,55
1400,08/02/22,16:59:53,20.9,1054.4,3.2,142
2340,08/02/22,16:59:54,2.3,1000.4,0.9,117
5430,08/02/22,16:59:55,2.3,1025.4,0.9,79
11716,08/02/22,16:59:56,0.3,1035.2,0.9,55
1400,08/02/22,16:59:57,20.9,1054.4,3.2,142
2340,08/02/22,16:59:58,2.3,1000.4,0.9,117
5430,08/02/22,16:59:59,2.3,1025.4,0.9,79
11716,08/02/22,17:0:0,0.3,1035.2,0.9,55
1400,08/02/22,17:0:1,20.9,1054.4,3.2,142
2340,08/02/22,17:0:2,2.3,1000.4,0.9,117
5430,08/02/22,17:0:3,2.3,1025.3,0.9,79
11716,08/02/22,17:0:4,0.3,1035.2,0.9,55
1400,08/02/22,17:0:5,20.9,1054.3,3.2,143
2340,08/02/22,17:0:6,2.3,1000.3,0.9,118
5430,08/02/22,17:0:7,2.3,1025.3,0.9,79
11716,08/02/22,17:0:8,0.3,1035.2,0.9,55
1400,08/02/22,17:0:9,20.9,1054.3,3.2,143
2340,08/02/22,17:0:10,2.3,1000.3,0.9,118
5430,08/02/22,17:0:11,2.3,1025.3,0.9,79
11716,08/02/22,17:0:12,0.3,1035.2,0.9,55
1400,08/02/22,17:0:13,20.9,1054.2,3.2,144
2340,08/02/22,17:0:14,2.3,1000.2,0.9,119
5430,08/02/22,17:0:15,2.3,1025.2,0.9,79
11716,08/02/22,17:0:16,0.3,1035.1,0.9,54
1400,08/02/22,17:0:17,20.9,1054.2,3.2,144
2340,08/02/22,17:0:18,2.3,1000.2,0.9,119
5430,08/02/22,17:0:19,2.3,1025.2,0.9,79
11716,08/02/22,17:0:20,0.3,1035.1,0.9,54
1400,08/02/22,17:0:21,20.9,1054.2,3.2,144
2340,08/02/22,17:0:22,2.3,1000.2,0.9,119
5430,08/02/22,17:0:23,2.3,1025.1,0.9,79
11716,08/02/22,17:0:24,0.3,1035.1,0.9,54
1400,08/02/22,17:0:25,20.9,1054.1,3.2,145
2340,08/02/22,17:0:26,2.3,1000.1,0.9,120
5430,08/02/22,17:0:27,2.3,1025.1,0.9,79
11716,08/02/22,17:0:28,0.3,1035.1,0.9,54
1400,08/02/22,17:0:29,20.9,1054.1,3.2,145
2340,08/02/22,17:0:30,2.3,1000.1,0.9,120
5430,08/02/22,17:0:31,2.3,1025.1,0.9,79
11716,08/02/22,17:0:32,0.3,1035.1,0.9,54
